<?xml version="1.0" encoding="utf-8"?>
<Module>
  <Name value="True Relations - Jiro's Build"/>
  <Id value="TrueRelations"/>
  <Version value="v1.3.9"/>
  <DefaultModule value="false"/>
  <SingleplayerModule value="true"/>
  <MultiplayerModule value="false"/>
  <Official value="false"/>
  <DependedModules>
    <DependedModule Id="Native"/>
    <DependedModule Id="SandBoxCore"/>
    <DependedModule Id="Sandbox"/>
    <DependedModule Id="CustomBattle"/>
    <DependedModule Id="StoryMode"/>
  </DependedModules>
  <SubModules>
    <SubModule>
      <Name value="TrueRelations"/>
      <DLLName value="TrueRelations.dll"/>
      <SubModuleClassType value="TrueRelations.SubModule"/>
      <Tags>
        <Tag key="DedicatedServerType" value="none" />
        <Tag key="IsNoRenderModeElement" value="false" />
      </Tags>
    </SubModule>
  </SubModules>
  <Xmls/>
</Module>